0,&Audition
1,&TEAM
2,100%
3,2AM
4,2NE1
5,2PM
6,4Minute
7,9Muses
8,A.C.E
9,AB6IX
10,aespa
11,After School
12,Agust D
13,Ahn Yeeun
14,AHOF
15,Ailee
16,AKMU
17,ALICE
18,ALL(H)OURS
19,Allday Project
20,Ampers&One
21,AOA
22,Apink
23,April
24,ARTMS
25,Astro
26,ASTRO
27,ASTRO Moonbin & Sanha
28,ATEEZ
29,AtHeart
30,B.A.P
31,B.I
32,B.I.G
33,B1A4
34,Baby DONT Cry
35,Babymonster
36,BADVILLAIN
37,BAE173
38,Baek Z Young
39,Baekhyun
40,BDC
41,Beast/Highlight
42,Beomgyu
43,BerryGood
44,BESTie
45,Bewave
46,BewhY
47,BgA
48,BIBI
49,BIGBANG
50,Billlie
51,Blackpink
52,Block B
53,Block B BASTARZ
54,BoA
55,Boyfriend
56,BOYNEXTDOOR
57,Boys Planet
58,Boys Republic
59,Brave Girls
60,Brown Eyed Girls
61,BTOB
62,BTS
63,BVNDIT
64,Chaeyoung
65,Chen
66,Cherry Bullet
67,Chuang Asia Thailand
68,Chungha
69,Chuu
70,CIX
71,CLASS:y
72,CLC
73,Close Your Eyes
74,CNBLUE
75,CORTIS
76,Cravity
77,CRAXY
78,Crayon Pop
79,Cross Gene
80,CSR
81,Dalshabet
82,DALsooobin
83,Davichi
84,DAY6
85,Dayoung
86,DIA
87,DK
88,DKZ
89,Doyoung
90,DPR IAN
91,Dreamcatcher
92,DreamNote
93,EL7Z UP
94,Elris/Alice
95,Enhypen
96,Epik High
97,Everglow
98,EVNNE
99,EvoL
100,EXID
101,EXO
102,EXO-CBX
103,f(x)
104,Fantasy Boys
105,Fei
106,Fiestar
107,Fifty Fifty
108,Forestella
109,from20
110,fromis_9
111,FTISLAND
112,G-Dragon
113,G.NA
114,Gain
115,GD x Taeyang
116,GFriend
117,Ghost9
118,Girl's Day
119,Girls Planet 999
120,Girls' Generation
121,GIRLSET
122,Giuk
123,Golden Child
124,GOT the beat
125,GOT the Beat
126,GOT7
127,Gugudan
128,GWSN
129,H.O.T.
130,H1-KEY
131,HA:TFELT
132,Haechan
133,Han Seungwoo
134,Han Young Ae
135,HDnG
136,Hearts2Hearts
137,Heize
138,HelloVenus
139,HINAPIA
140,Hitchhiker
141,Hong Jin Young
142,Hoshi
143,Hui
144,HUNTR/X
145,Hwasa
146,Hyolyn
147,HyunA
148,i-dle
149,I-Land S1
150,I-Land S2
151,I.O.I
152,ICHILLIN'
153,Idol Producer
154,Idol School
155,ifeye
156,iKON
157,ILLIT
158,Infinite
159,INI
160,Irene
161,IRISÉ
162,ITZY
163,IU
164,IVE
165,IZ*ONE
166,izna
167,j-hope
168,J.Y. Park
169,Jaehyun
170,Jay
171,Jay Park
172,JBJ
173,Jennie
174,Jeon Somi
175,Jessi
176,Jihyo
177,Jimin
178,Jin
179,Jini
180,Jisoo
181,Jo Kwon
182,Jo Yuri
183,Jonghyun
184,Joy
185,Jun
186,Jungkook
187,Jus2
188,JUSTB
189,K.Will
190,K/DA
191,Kai
192,Kang Daniel
193,KARA
194,KARD
195,Katseye
196,KAVE
197,KEEMBO
198,Kep1er
199,Key
200,KickFlip
201,KiiiKiii
202,Kim Jong Kook
203,Kim Jung Mi
204,Kim Lip
205,Kim Sejeong
206,Kiss of Life
207,Kiss&Cry
208,KNK
209,Kwon Eunbi
210,Laboum
211,Ladies' Code
212,LE SSERAFIM
213,Lee Chaeyeon
214,Lee Chanhyuk
215,Lee Hyori
216,Lee Jin Ah
217,LeeHi
218,Lightsum
219,Lisa
220,LOONA
221,LOONA/1/3
222,LOONA/Choerry
223,LOONA/Chuu
224,LOONA/Go Won
225,LOONA/Haseul
226,LOONA/Heejin
227,LOONA/Hyunjin
228,LOONA/Jinsoul
229,LOONA/Kim Lip
230,LOONA/ODD EYE CIRCLE
231,LOONA/Olivia Hye
232,LOONA/ViVi
233,LOONA/Vivi
234,LOONA/Yeojin
235,LOONA/Yves
236,LOONA/yyxy
237,Loossemble
238,Lovelyz
239,Lucy
240,Luhan
241,Luna
242,MAMADOL
243,Mamamoo
244,Mark
245,MAVE:
246,Max Changmin
247,MBLAQ
248,ME:I
249,MEOVV
250,Minho
251,Minnie
252,miss A
253,MIXNINE
254,Momoland
255,Monsta X
256,Monsta X (ft. French Montana)
257,Moonbyul
258,My Teenage Girl
259,N.EX.T
260,N.Flying
261,N.O.M
262,Narsha
263,Nature
264,Nayeon
265,NCT 127
266,NCT Dojaejung
267,NCT Dream
268,NCT U
269,NCT Wish
270,Nell
271,NewJeans
272,NINE.i
273,NiziU
274,NMIXX
275,NouerA
276,NOWZ
277,NU'EST
278,NU'EST W
279,Odd Eye Circle
280,Oh My Girl
281,One Pact
282,ONEUS
283,Onew
284,ONEWE
285,ONF
286,OnlyOneOf
287,Orange Caramel
288,Outsider
289,P1Harmony
290,Park Bom
291,Park Hyoshin
292,Park Jiyoon
293,Pentagon
294,PinkFantasy
295,PIXY
296,Pixy
297,PLAVE
298,Playback
299,Primary
300,Pristin
301,Produce 101 China
302,Produce 101 Japan S1
303,Produce 101 Japan S2
304,Produce 101 Japan The Girls
305,Produce 101 S1
306,Produce 101 S2
307,Produce 48
308,Produce X 101
309,PSY
310,Purple Kiss
311,Queendom Puzzle
312,QWER
313,R.Tee x Anda
314,Rain
315,Rainbow
316,Raon
317,Red Velvet
318,Red Velvet I&S
319,Rescene
320,RIIZE
321,RM
322,RoaD-B
323,Rocket Punch
324,Rosé
325,Saja Boys
326,Secret
327,Seola
328,Seori
329,Seulgi
330,Seventeen
331,Seventeen BSS
332,SF9
333,Shin Wonho
334,SHINee
335,SISTAR
336,SISTAR19
337,So Chan Whee
338,Solar
339,Son Dambi
340,Sonamoo
341,Speed
342,Spica
343,SS501
344,STAYC
345,Stellar
346,Stray Kids
347,Sulli
348,Sunmi
349,Sunny Hill
350,Super Junior
351,SuperM
352,Swan.B
353,Synsnake
354,T-ARA
355,T.O.P.
356,Tablo
357,Taemin
358,Taeyang
359,Taeyeon
360,Taeyong
361,TAK x Corbin
362,TAN
363,Teen Top
364,Tempest
365,Ten
366,The Ark
367,The Boyz
368,The KingDom
369,The Rose
370,The Unit
371,Touched
372,TRCNG
373,Treasure
374,TRI.BE
375,tripleS
376,TVXQ
377,Twice
378,Twice/MISAMO
379,TWS
380,TXT
381,Tzuyu
382,U-Kiss
383,Uhm Jung Hwa
384,UNB
385,UNI.T
386,UNIQ
387,UNIS
388,UP10TION
389,V
390,VANNER
391,VCHA
392,VERIVERY
393,Victon
394,VICTON
395,Vincent
396,VIVIZ
397,VIXX
398,Wanna One
399,WayV
400,Weeekly
401,Weki Meki
402,Wendy
403,Wengie
404,Winner
405,WJSN
406,WJSN The Black
407,Wonder Girls
408,WOOAH
409,WOODZ
410,Woosung
411,X1
412,Xdinary Heroes
413,XG
414,xikers
415,XLOV
416,XngHan&Xoul
417,Yeji
418,Yena
419,Yeonjun
420,Yerin Baek
421,YOARI
422,Youha
423,Young Posse
424,Youngjae
425,Younha
426,Younite
427,Youth With You S1
428,Youth With You S2
429,Yukika
430,Yuqi
431,Yuta
432,Yves
433,ZE:A
434,ZEROBASEONE
435,Zico
436,Zion.T
